Handle,Title,Body (HTML),Vendor,Product Category,Type,Tags,Published,Option1 Name,Option1 Value,Variant SKU,Variant Grams,Variant Inventory Tracker,Variant Inventory Qty,Variant Inventory Policy,Variant Fulfillment Service,Variant Price,Variant Compare At Price,Variant Requires Shipping,Variant Taxable,Gift Card,SEO Title,SEO Description,Variant Weight Unit,Cost per item,Status
knie-massager,Draadloze Knie-Massager met Warmte & Rood Licht,"<p>Gun je knieën elke dag 15 minuten warmte en rust. Deze draadloze manchet combineert behaaglijke warmte, zacht rood licht en vibratiemassage, gewoon thuis op de bank.</p><h3>Waarom je dit fijn gaat vinden</h3><ul><li>Drie comfortfuncties in één: warmte (3 standen), rood licht en vibratie (3 standen)</li><li>Draadloos en oplaadbaar via USB-C, geen snoer in de weg</li><li>Verstelbaar klittenband: past om knie, elleboog en schouder</li><li>Automatische uitschakeling na 15 minuten, voor zorgeloos ontspannen</li><li>Stil genoeg om tv te kijken of te lezen</li></ul><h3>Zo werkt het</h3><ol><li>Laad de massager volledig op via USB-C</li><li>Doe de manchet om je knie en sluit het klittenband</li><li>Kies je warmte- en vibratiestand en ontspan 15 minuten</li></ol><h3>In de doos</h3><p>1× knie-massager, 1× USB-C-kabel, 1× handleiding (NL/EN)</p><p><em>Dit is een comfort- en ontspanningsproduct, geen medisch hulpmiddel. Heb je klachten, overleg dan met je huisarts of fysiotherapeut. Niet gebruiken op een open wond, bij zwangerschap of met een pacemaker.</em></p>",Veloxity,,Knie & gewrichten,"knie, warmte, rood licht, bestseller, advertentie",TRUE,Aantal,1 stuk,KNIE-1,500,,,continue,manual,79.95,,TRUE,TRUE,FALSE,Draadloze Knie-Massager met Warmte & Rood Licht,"15 minuten warmte, rood licht en massage voor je knieën, thuis op de bank. Draadloos, 3 standen, 30 dagen comfortgarantie.",g,22.00,active
knie-massager,,,,,,,,Aantal,"2 stuks – bespaar €29,95",KNIE-2,1000,,,continue,manual,129.95,,TRUE,TRUE,,,,g,42.00,
knie-massager,,,,,,,,Aantal,"3 stuks – bespaar €69,90",KNIE-3,1500,,,continue,manual,169.95,,TRUE,TRUE,,,,g,62.00,
nek-schouder-massager,Shiatsu Nek- & Schoudermassager met Warmte,"<p>Een stijve nek na een dag achter het scherm? Leg deze shiatsu-massager om je nek en schouders en laat de knedende massage en de behaaglijke warmte hun werk doen.</p><h3>Waarom je dit fijn gaat vinden</h3><ul><li>Knedende shiatsu-massage met 3 intensiteiten</li><li>Warmtefunctie voor extra ontspanning</li><li>Handlussen, zodat je zelf de druk bepaalt</li><li>Te gebruiken op de bank, op kantoor of in de auto (12V-adapter)</li><li>Automatische uitschakeling na 15 minuten</li></ul><h3>Zo werkt het</h3><ol><li>Leg de massager om je nek of onderrug</li><li>Steek je handen door de lussen en bepaal de druk</li><li>Kies je stand en zet de warmte aan of uit</li></ol><h3>In de doos</h3><p>1× nekmassager, 1× adapter, 1× autolader, 1× handleiding (NL/EN)</p><p><em>Dit is een comfort- en ontspanningsproduct, geen medisch hulpmiddel. Heb je klachten, overleg dan met je huisarts of fysiotherapeut. Niet gebruiken op een open wond, bij zwangerschap of met een pacemaker.</em></p>",Veloxity,,Nek & schouders,"nek, schouders, shiatsu, warmte, upsell",TRUE,Title,Default Title,NEK-1,1200,,,continue,manual,59.95,,TRUE,TRUE,FALSE,Shiatsu Nek- & Schoudermassager met Warmte,"Knedende shiatsu-massage en warmte voor nek en schouders. Voor thuis, op kantoor en in de auto.",g,17.00,active
oogmassager,Oogmassager met Warmte & Bluetooth-Muziek,"<p>Na een lange dag achter het scherm verdienen je ogen even rust. Deze oogmassager combineert warmte, zachte luchtdrukmassage en je eigen ontspannende muziek via Bluetooth.</p><h3>Waarom je dit fijn gaat vinden</h3><ul><li>Behaaglijke warmte rond je ogen</li><li>Zachte luchtdruk- en trilmassage met 5 standen</li><li>Luister je eigen muziek of meditatie via Bluetooth</li><li>Opvouwbaar en oplaadbaar, ideaal voor op reis</li><li>Automatische uitschakeling na 15 minuten</li></ul><h3>Zo werkt het</h3><ol><li>Laad de oogmassager op via USB-C</li><li>Zet hem op en stel de band af</li><li>Kies een stand, verbind je telefoon en ontspan</li></ol><h3>In de doos</h3><p>1× oogmassager, 1× USB-C-kabel, 1× opbergtas, 1× handleiding (NL/EN)</p><p><em>Dit is een comfort- en ontspanningsproduct, geen medisch hulpmiddel. Heb je klachten, overleg dan met je huisarts of fysiotherapeut. Niet gebruiken op een open wond, bij zwangerschap of met een pacemaker.</em></p>",Veloxity,,Ogen & ontspanning,"ogen, ontspanning, slaap, warmte, upsell",TRUE,Title,Default Title,OOG-1,600,,,continue,manual,49.95,,TRUE,TRUE,FALSE,Oogmassager met Warmte & Bluetooth,"Warmte, luchtdrukmassage en muziek voor vermoeide ogen na een dag achter het scherm.",g,15.00,active
comfortset-knie-nek,Comfortset: Knie + Nek,"<p>Warmte en massage voor je knieën én je nek en schouders, samen voordeliger. Deze set bevat 1× <a href='/products/knie-massager'>Draadloze Knie-Massager</a> en 1× <a href='/products/nek-schouder-massager'>Shiatsu Nekmassager</a>.</p><p><em>Dit is een comfort- en ontspanningsproduct, geen medisch hulpmiddel. Heb je klachten, overleg dan met je huisarts of fysiotherapeut. Niet gebruiken op een open wond, bij zwangerschap of met een pacemaker.</em></p>",Veloxity,,Comfortsets,"bundel, comfortset, knie, nek",TRUE,Title,Default Title,SET-KN,1700,,,continue,manual,114.95,,TRUE,TRUE,FALSE,Comfortset Knie + Nek,Knie-massager en nekmassager samen voordeliger.,g,39.00,active
complete-comfort-routine,Complete Comfort-Routine: Knie + Nek + Ogen,"<p>Je volledige ontspanningsroutine in één set, en ook een ideaal cadeau. Deze set bevat de <a href='/products/knie-massager'>Knie-Massager</a>, de <a href='/products/nek-schouder-massager'>Nekmassager</a> en de <a href='/products/oogmassager'>Oogmassager</a>.</p><p><em>Dit is een comfort- en ontspanningsproduct, geen medisch hulpmiddel. Heb je klachten, overleg dan met je huisarts of fysiotherapeut. Niet gebruiken op een open wond, bij zwangerschap of met een pacemaker.</em></p>",Veloxity,,Comfortsets,"bundel, comfortset, cadeau",TRUE,Title,Default Title,SET-KNO,2300,,,continue,manual,139.95,,TRUE,TRUE,FALSE,Complete Comfort-Routine Set,"Knie-, nek- en oogmassager samen in één voordelige set.",g,54.00,active
xl-verlengband,XL-Verlengband voor de Knie-Massager,"<p>Extra klittenband-verlenging van 20 cm, zodat de knie-massager ook comfortabel past om grotere knieën, bovenbenen of schouders.</p>",Veloxity,,Accessoires,"accessoire, upsell, knie",TRUE,Title,Default Title,KNIE-XL,40,,,continue,manual,9.95,,TRUE,TRUE,FALSE,XL-Verlengband Knie-Massager,20 cm extra lengte voor een comfortabele pasvorm.,g,2.00,active
led-gezichtsmasker,"LED-Lichttherapie Gezichtsmasker (Rood, Blauw & Near-Infrarood)","<p>Je eigen LED-ritueel thuis: 10 minuten per dag voor een stralende, verzorgde huid.</p><h3>Waarom je dit fijn gaat vinden</h3><ul><li>Rood, blauw en near-infrarood licht</li><li>Flexibel siliconen masker dat mooi aansluit</li><li>Draadloos en oplaadbaar</li><li>Automatische uitschakeling na 10 minuten</li></ul><h3>Zo werkt het</h3><ol><li>Reinig je gezicht</li><li>Zet het masker op en kies een programma</li><li>Ontspan 10 minuten</li></ol><h3>In de doos</h3><p>1× LED-masker, 1× oogbescherming, 1× USB-C-kabel, 1× handleiding (NL/EN)</p><p><em>Cosmetisch product. Niet gebruiken bij lichtgevoeligheid, epilepsie of met lichtgevoelige medicatie. Resultaten verschillen per persoon.</em></p>",Veloxity,,Huidverzorging,"led, huidverzorging, fase-2",FALSE,Aantal,1 stuk,LED-1,700,,,continue,manual,119.00,,TRUE,TRUE,FALSE,LED Gezichtsmasker Rood Licht,"LED-lichttherapiemasker voor thuis: rood, blauw en near-infrarood.",g,32.00,draft
led-gezichtsmasker,,,,,,,,Aantal,"2 stuks – bespaar €39,00",LED-2,1400,,,continue,manual,199.00,,TRUE,TRUE,,,,g,62.00,
